<?xml version="1.0" encoding="UTF-8"?>
<project name="customer-research" default="all">
  
  
  <property file="customer-research.properties"/>
  <!-- Uncomment the following property if no tests compilation is needed -->
  <!-- 
  <property name="skip.tests" value="true"/>
   -->
  
  <!-- Compiler options -->
  
  <property name="compiler.debug" value="on"/>
  <property name="compiler.generate.no.warnings" value="off"/>
  <property name="compiler.args" value=""/>
  <property name="compiler.max.memory" value="700m"/>
  <patternset id="ignored.files">
    <exclude name="**/*.hprof/**"/>
    <exclude name="**/*.pyc/**"/>
    <exclude name="**/*.pyo/**"/>
    <exclude name="**/*.rbc/**"/>
    <exclude name="**/*.yarb/**"/>
    <exclude name="**/*~/**"/>
    <exclude name="**/.DS_Store/**"/>
    <exclude name="**/.git/**"/>
    <exclude name="**/.hg/**"/>
    <exclude name="**/.svn/**"/>
    <exclude name="**/CVS/**"/>
    <exclude name="**/__pycache__/**"/>
    <exclude name="**/_svn/**"/>
    <exclude name="**/vssver.scc/**"/>
    <exclude name="**/vssver2.scc/**"/>
  </patternset>
  <patternset id="library.patterns">
    <include name="*.klib"/>
    <include name="*.egg"/>
    <include name="*.jar"/>
    <include name="*.ear"/>
    <include name="*.swc"/>
    <include name="*.war"/>
    <include name="*.zip"/>
    <include name="*.ane"/>
  </patternset>
  <patternset id="compiler.resources">
    <exclude name="**/?*.java"/>
    <exclude name="**/?*.form"/>
    <exclude name="**/?*.class"/>
    <exclude name="**/?*.groovy"/>
    <exclude name="**/?*.scala"/>
    <exclude name="**/?*.flex"/>
    <exclude name="**/?*.kt"/>
    <exclude name="**/?*.clj"/>
    <exclude name="**/?*.aj"/>
  </patternset>
  
  <!-- JDK definitions -->
  
  <property name="jdk.bin.14" value="${jdk.home.14}/bin"/>
  <path id="jdk.classpath.14">
    <fileset dir="${jdk.home.14}">
      <include name="../jdk-14.0.2!/java.base"/>
      <include name="../jdk-14.0.2!/java.compiler"/>
      <include name="../jdk-14.0.2!/java.datatransfer"/>
      <include name="../jdk-14.0.2!/java.desktop"/>
      <include name="../jdk-14.0.2!/java.instrument"/>
      <include name="../jdk-14.0.2!/java.logging"/>
      <include name="../jdk-14.0.2!/java.management"/>
      <include name="../jdk-14.0.2!/java.management.rmi"/>
      <include name="../jdk-14.0.2!/java.naming"/>
      <include name="../jdk-14.0.2!/java.net.http"/>
      <include name="../jdk-14.0.2!/java.prefs"/>
      <include name="../jdk-14.0.2!/java.rmi"/>
      <include name="../jdk-14.0.2!/java.scripting"/>
      <include name="../jdk-14.0.2!/java.se"/>
      <include name="../jdk-14.0.2!/java.security.jgss"/>
      <include name="../jdk-14.0.2!/java.security.sasl"/>
      <include name="../jdk-14.0.2!/java.smartcardio"/>
      <include name="../jdk-14.0.2!/java.sql"/>
      <include name="../jdk-14.0.2!/java.sql.rowset"/>
      <include name="../jdk-14.0.2!/java.transaction.xa"/>
      <include name="../jdk-14.0.2!/java.xml"/>
      <include name="../jdk-14.0.2!/java.xml.crypto"/>
      <include name="../jdk-14.0.2!/jdk.accessibility"/>
      <include name="../jdk-14.0.2!/jdk.aot"/>
      <include name="../jdk-14.0.2!/jdk.attach"/>
      <include name="../jdk-14.0.2!/jdk.charsets"/>
      <include name="../jdk-14.0.2!/jdk.compiler"/>
      <include name="../jdk-14.0.2!/jdk.crypto.cryptoki"/>
      <include name="../jdk-14.0.2!/jdk.crypto.ec"/>
      <include name="../jdk-14.0.2!/jdk.crypto.mscapi"/>
      <include name="../jdk-14.0.2!/jdk.dynalink"/>
      <include name="../jdk-14.0.2!/jdk.editpad"/>
      <include name="../jdk-14.0.2!/jdk.hotspot.agent"/>
      <include name="../jdk-14.0.2!/jdk.httpserver"/>
      <include name="../jdk-14.0.2!/jdk.incubator.foreign"/>
      <include name="../jdk-14.0.2!/jdk.incubator.jpackage"/>
      <include name="../jdk-14.0.2!/jdk.internal.ed"/>
      <include name="../jdk-14.0.2!/jdk.internal.jvmstat"/>
      <include name="../jdk-14.0.2!/jdk.internal.le"/>
      <include name="../jdk-14.0.2!/jdk.internal.opt"/>
      <include name="../jdk-14.0.2!/jdk.internal.vm.ci"/>
      <include name="../jdk-14.0.2!/jdk.internal.vm.compiler"/>
      <include name="../jdk-14.0.2!/jdk.internal.vm.compiler.management"/>
      <include name="../jdk-14.0.2!/jdk.jartool"/>
      <include name="../jdk-14.0.2!/jdk.javadoc"/>
      <include name="../jdk-14.0.2!/jdk.jcmd"/>
      <include name="../jdk-14.0.2!/jdk.jconsole"/>
      <include name="../jdk-14.0.2!/jdk.jdeps"/>
      <include name="../jdk-14.0.2!/jdk.jdi"/>
      <include name="../jdk-14.0.2!/jdk.jdwp.agent"/>
      <include name="../jdk-14.0.2!/jdk.jfr"/>
      <include name="../jdk-14.0.2!/jdk.jlink"/>
      <include name="../jdk-14.0.2!/jdk.jshell"/>
      <include name="../jdk-14.0.2!/jdk.jsobject"/>
      <include name="../jdk-14.0.2!/jdk.jstatd"/>
      <include name="../jdk-14.0.2!/jdk.localedata"/>
      <include name="../jdk-14.0.2!/jdk.management"/>
      <include name="../jdk-14.0.2!/jdk.management.agent"/>
      <include name="../jdk-14.0.2!/jdk.management.jfr"/>
      <include name="../jdk-14.0.2!/jdk.naming.dns"/>
      <include name="../jdk-14.0.2!/jdk.naming.rmi"/>
      <include name="../jdk-14.0.2!/jdk.net"/>
      <include name="../jdk-14.0.2!/jdk.nio.mapmode"/>
      <include name="../jdk-14.0.2!/jdk.rmic"/>
      <include name="../jdk-14.0.2!/jdk.scripting.nashorn"/>
      <include name="../jdk-14.0.2!/jdk.scripting.nashorn.shell"/>
      <include name="../jdk-14.0.2!/jdk.sctp"/>
      <include name="../jdk-14.0.2!/jdk.security.auth"/>
      <include name="../jdk-14.0.2!/jdk.security.jgss"/>
      <include name="../jdk-14.0.2!/jdk.unsupported"/>
      <include name="../jdk-14.0.2!/jdk.unsupported.desktop"/>
      <include name="../jdk-14.0.2!/jdk.xml.dom"/>
      <include name="../jdk-14.0.2!/jdk.zipfs"/>
    </fileset>
  </path>
  
  <property name="project.jdk.home" value="${jdk.home.14}"/>
  <property name="project.jdk.bin" value="${jdk.bin.14}"/>
  <property name="project.jdk.classpath" value="jdk.classpath.14"/>
  
  
  <!-- Project Libraries -->
  
  <path id="library.maven:_ch.qos.logback:logback-classic:1.2.3.classpath">
    <pathelement location="${path.variable.maven_repository}/ch/qos/logback/logback-classic/1.2.3/logback-classic-1.2.3.jar"/>
  </path>
  
  <path id="library.maven:_ch.qos.logback:logback-core:1.2.3.classpath">
    <pathelement location="${path.variable.maven_repository}/ch/qos/logback/logback-core/1.2.3/logback-core-1.2.3.jar"/>
  </path>
  
  <path id="library.maven:_com.fasterxml.jackson.core:jackson-annotations:2.11.3.classpath">
    <pathelement location="${path.variable.maven_repository}/com/fasterxml/jackson/core/jackson-annotations/2.11.3/jackson-annotations-2.11.3.jar"/>
  </path>
  
  <path id="library.maven:_com.fasterxml.jackson.core:jackson-core:2.11.3.classpath">
    <pathelement location="${path.variable.maven_repository}/com/fasterxml/jackson/core/jackson-core/2.11.3/jackson-core-2.11.3.jar"/>
  </path>
  
  <path id="library.maven:_com.fasterxml.jackson.core:jackson-databind:2.11.3.classpath">
    <pathelement location="${path.variable.maven_repository}/com/fasterxml/jackson/core/jackson-databind/2.11.3/jackson-databind-2.11.3.jar"/>
  </path>
  
  <path id="library.maven:_com.fasterxml.jackson.datatype:jackson-datatype-jdk8:2.11.3.classpath">
    <pathelement location="${path.variable.maven_repository}/com/fasterxml/jackson/datatype/jackson-datatype-jdk8/2.11.3/jackson-datatype-jdk8-2.11.3.jar"/>
  </path>
  
  <path id="library.maven:_com.fasterxml.jackson.datatype:jackson-datatype-jsr310:2.11.3.classpath">
    <pathelement location="${path.variable.maven_repository}/com/fasterxml/jackson/datatype/jackson-datatype-jsr310/2.11.3/jackson-datatype-jsr310-2.11.3.jar"/>
  </path>
  
  <path id="library.maven:_com.fasterxml.jackson.module:jackson-module-parameter-names:2.11.3.classpath">
    <pathelement location="${path.variable.maven_repository}/com/fasterxml/jackson/module/jackson-module-parameter-names/2.11.3/jackson-module-parameter-names-2.11.3.jar"/>
  </path>
  
  <path id="library.maven:_com.jayway.jsonpath:json-path:2.4.0.classpath">
    <pathelement location="${path.variable.maven_repository}/com/jayway/jsonpath/json-path/2.4.0/json-path-2.4.0.jar"/>
  </path>
  
  <path id="library.maven:_com.sun.activation:jakarta.activation:1.2.2.classpath">
    <pathelement location="${path.variable.maven_repository}/com/sun/activation/jakarta.activation/1.2.2/jakarta.activation-1.2.2.jar"/>
  </path>
  
  <path id="library.maven:_com.sun.xml.messaging.saaj:saaj-impl:1.5.2.classpath">
    <pathelement location="${path.variable.maven_repository}/com/sun/xml/messaging/saaj/saaj-impl/1.5.2/saaj-impl-1.5.2.jar"/>
  </path>
  
  <path id="library.maven:_com.vaadin.external.google:android-json:0.0.20131108.vaadin1.classpath">
    <pathelement location="${path.variable.maven_repository}/com/vaadin/external/google/android-json/0.0.20131108.vaadin1/android-json-0.0.20131108.vaadin1.jar"/>
  </path>
  
  <path id="library.maven:_com.zaxxer:hikaricp:3.4.5.classpath">
    <pathelement location="${path.variable.maven_repository}/com/zaxxer/HikariCP/3.4.5/HikariCP-3.4.5.jar"/>
  </path>
  
  <path id="library.maven:_jakarta.activation:jakarta.activation-api:1.2.2.classpath">
    <pathelement location="${path.variable.maven_repository}/jakarta/activation/jakarta.activation-api/1.2.2/jakarta.activation-api-1.2.2.jar"/>
  </path>
  
  <path id="library.maven:_jakarta.annotation:jakarta.annotation-api:1.3.5.classpath">
    <pathelement location="${path.variable.maven_repository}/jakarta/annotation/jakarta.annotation-api/1.3.5/jakarta.annotation-api-1.3.5.jar"/>
  </path>
  
  <path id="library.maven:_jakarta.jws:jakarta.jws-api:2.1.0.classpath">
    <pathelement location="${path.variable.maven_repository}/jakarta/jws/jakarta.jws-api/2.1.0/jakarta.jws-api-2.1.0.jar"/>
  </path>
  
  <path id="library.maven:_jakarta.xml.bind:jakarta.xml.bind-api:2.3.3.classpath">
    <pathelement location="${path.variable.maven_repository}/jakarta/xml/bind/jakarta.xml.bind-api/2.3.3/jakarta.xml.bind-api-2.3.3.jar"/>
  </path>
  
  <path id="library.maven:_jakarta.xml.soap:jakarta.xml.soap-api:1.4.2.classpath">
    <pathelement location="${path.variable.maven_repository}/jakarta/xml/soap/jakarta.xml.soap-api/1.4.2/jakarta.xml.soap-api-1.4.2.jar"/>
  </path>
  
  <path id="library.maven:_jakarta.xml.ws:jakarta.xml.ws-api:2.3.3.classpath">
    <pathelement location="${path.variable.maven_repository}/jakarta/xml/ws/jakarta.xml.ws-api/2.3.3/jakarta.xml.ws-api-2.3.3.jar"/>
  </path>
  
  <path id="library.maven:_mysql:mysql-connector-java:8.0.22.classpath">
    <pathelement location="${path.variable.maven_repository}/mysql/mysql-connector-java/8.0.22/mysql-connector-java-8.0.22.jar"/>
  </path>
  
  <path id="library.maven:_net.bytebuddy:byte-buddy-agent:1.10.18.classpath">
    <pathelement location="${path.variable.maven_repository}/net/bytebuddy/byte-buddy-agent/1.10.18/byte-buddy-agent-1.10.18.jar"/>
  </path>
  
  <path id="library.maven:_net.bytebuddy:byte-buddy:1.10.18.classpath">
    <pathelement location="${path.variable.maven_repository}/net/bytebuddy/byte-buddy/1.10.18/byte-buddy-1.10.18.jar"/>
  </path>
  
  <path id="library.maven:_net.minidev:accessors-smart:1.2.classpath">
    <pathelement location="${path.variable.maven_repository}/net/minidev/accessors-smart/1.2/accessors-smart-1.2.jar"/>
  </path>
  
  <path id="library.maven:_net.minidev:json-smart:2.3.classpath">
    <pathelement location="${path.variable.maven_repository}/net/minidev/json-smart/2.3/json-smart-2.3.jar"/>
  </path>
  
  <path id="library.maven:_org.apache.logging.log4j:log4j-api:2.13.3.classpath">
    <pathelement location="${path.variable.maven_repository}/org/apache/logging/log4j/log4j-api/2.13.3/log4j-api-2.13.3.jar"/>
  </path>
  
  <path id="library.maven:_org.apache.logging.log4j:log4j-to-slf4j:2.13.3.classpath">
    <pathelement location="${path.variable.maven_repository}/org/apache/logging/log4j/log4j-to-slf4j/2.13.3/log4j-to-slf4j-2.13.3.jar"/>
  </path>
  
  <path id="library.maven:_org.apache.tomcat.embed:tomcat-embed-core:9.0.39.classpath">
    <pathelement location="${path.variable.maven_repository}/org/apache/tomcat/embed/tomcat-embed-core/9.0.39/tomcat-embed-core-9.0.39.jar"/>
  </path>
  
  <path id="library.maven:_org.apache.tomcat.embed:tomcat-embed-websocket:9.0.39.classpath">
    <pathelement location="${path.variable.maven_repository}/org/apache/tomcat/embed/tomcat-embed-websocket/9.0.39/tomcat-embed-websocket-9.0.39.jar"/>
  </path>
  
  <path id="library.maven:_org.apiguardian:apiguardian-api:1.1.0.classpath">
    <pathelement location="${path.variable.maven_repository}/org/apiguardian/apiguardian-api/1.1.0/apiguardian-api-1.1.0.jar"/>
  </path>
  
  <path id="library.maven:_org.assertj:assertj-core:3.18.1.classpath">
    <pathelement location="${path.variable.maven_repository}/org/assertj/assertj-core/3.18.1/assertj-core-3.18.1.jar"/>
  </path>
  
  <path id="library.maven:_org.attoparser:attoparser:2.0.5.release.classpath">
    <pathelement location="${path.variable.maven_repository}/org/attoparser/attoparser/2.0.5.RELEASE/attoparser-2.0.5.RELEASE.jar"/>
  </path>
  
  <path id="library.maven:_org.glassfish:jakarta.el:3.0.3.classpath">
    <pathelement location="${path.variable.maven_repository}/org/glassfish/jakarta.el/3.0.3/jakarta.el-3.0.3.jar"/>
  </path>
  
  <path id="library.maven:_org.hamcrest:hamcrest:2.2.classpath">
    <pathelement location="${path.variable.maven_repository}/org/hamcrest/hamcrest/2.2/hamcrest-2.2.jar"/>
  </path>
  
  <path id="library.maven:_org.junit.jupiter:junit-jupiter-api:5.7.0.classpath">
    <pathelement location="${path.variable.maven_repository}/org/junit/jupiter/junit-jupiter-api/5.7.0/junit-jupiter-api-5.7.0.jar"/>
  </path>
  
  <path id="library.maven:_org.junit.jupiter:junit-jupiter-engine:5.7.0.classpath">
    <pathelement location="${path.variable.maven_repository}/org/junit/jupiter/junit-jupiter-engine/5.7.0/junit-jupiter-engine-5.7.0.jar"/>
  </path>
  
  <path id="library.maven:_org.junit.jupiter:junit-jupiter-params:5.7.0.classpath">
    <pathelement location="${path.variable.maven_repository}/org/junit/jupiter/junit-jupiter-params/5.7.0/junit-jupiter-params-5.7.0.jar"/>
  </path>
  
  <path id="library.maven:_org.junit.jupiter:junit-jupiter:5.7.0.classpath">
    <pathelement location="${path.variable.maven_repository}/org/junit/jupiter/junit-jupiter/5.7.0/junit-jupiter-5.7.0.jar"/>
  </path>
  
  <path id="library.maven:_org.junit.platform:junit-platform-commons:1.7.0.classpath">
    <pathelement location="${path.variable.maven_repository}/org/junit/platform/junit-platform-commons/1.7.0/junit-platform-commons-1.7.0.jar"/>
  </path>
  
  <path id="library.maven:_org.junit.platform:junit-platform-engine:1.7.0.classpath">
    <pathelement location="${path.variable.maven_repository}/org/junit/platform/junit-platform-engine/1.7.0/junit-platform-engine-1.7.0.jar"/>
  </path>
  
  <path id="library.maven:_org.jvnet.staxex:stax-ex:1.8.3.classpath">
    <pathelement location="${path.variable.maven_repository}/org/jvnet/staxex/stax-ex/1.8.3/stax-ex-1.8.3.jar"/>
  </path>
  
  <path id="library.maven:_org.mockito:mockito-core:3.6.0.classpath">
    <pathelement location="${path.variable.maven_repository}/org/mockito/mockito-core/3.6.0/mockito-core-3.6.0.jar"/>
  </path>
  
  <path id="library.maven:_org.mockito:mockito-junit-jupiter:3.6.0.classpath">
    <pathelement location="${path.variable.maven_repository}/org/mockito/mockito-junit-jupiter/3.6.0/mockito-junit-jupiter-3.6.0.jar"/>
  </path>
  
  <path id="library.maven:_org.mybatis.spring.boot:mybatis-spring-boot-autoconfigure:2.0.0.classpath">
    <pathelement location="${path.variable.maven_repository}/org/mybatis/spring/boot/mybatis-spring-boot-autoconfigure/2.0.0/mybatis-spring-boot-autoconfigure-2.0.0.jar"/>
  </path>
  
  <path id="library.maven:_org.mybatis.spring.boot:mybatis-spring-boot-starter:2.0.0.classpath">
    <pathelement location="${path.variable.maven_repository}/org/mybatis/spring/boot/mybatis-spring-boot-starter/2.0.0/mybatis-spring-boot-starter-2.0.0.jar"/>
  </path>
  
  <path id="library.maven:_org.mybatis:mybatis-spring:2.0.6.classpath">
    <pathelement location="${path.variable.maven_repository}/org/mybatis/mybatis-spring/2.0.6/mybatis-spring-2.0.6.jar"/>
  </path>
  
  <path id="library.maven:_org.mybatis:mybatis:3.5.0.classpath">
    <pathelement location="${path.variable.maven_repository}/org/mybatis/mybatis/3.5.0/mybatis-3.5.0.jar"/>
  </path>
  
  <path id="library.maven:_org.objenesis:objenesis:3.1.classpath">
    <pathelement location="${path.variable.maven_repository}/org/objenesis/objenesis/3.1/objenesis-3.1.jar"/>
  </path>
  
  <path id="library.maven:_org.opentest4j:opentest4j:1.2.0.classpath">
    <pathelement location="${path.variable.maven_repository}/org/opentest4j/opentest4j/1.2.0/opentest4j-1.2.0.jar"/>
  </path>
  
  <path id="library.maven:_org.ow2.asm:asm:5.0.4.classpath">
    <pathelement location="${path.variable.maven_repository}/org/ow2/asm/asm/5.0.4/asm-5.0.4.jar"/>
  </path>
  
  <path id="library.maven:_org.skyscreamer:jsonassert:1.5.0.classpath">
    <pathelement location="${path.variable.maven_repository}/org/skyscreamer/jsonassert/1.5.0/jsonassert-1.5.0.jar"/>
  </path>
  
  <path id="library.maven:_org.slf4j:jul-to-slf4j:1.7.30.classpath">
    <pathelement location="${path.variable.maven_repository}/org/slf4j/jul-to-slf4j/1.7.30/jul-to-slf4j-1.7.30.jar"/>
  </path>
  
  <path id="library.maven:_org.slf4j:slf4j-api:1.7.30.classpath">
    <pathelement location="${path.variable.maven_repository}/org/slf4j/slf4j-api/1.7.30/slf4j-api-1.7.30.jar"/>
  </path>
  
  <path id="library.maven:_org.springframework.boot:spring-boot-autoconfigure:2.4.0.classpath">
    <pathelement location="${path.variable.maven_repository}/org/springframework/boot/spring-boot-autoconfigure/2.4.0/spring-boot-autoconfigure-2.4.0.jar"/>
  </path>
  
  <path id="library.maven:_org.springframework.boot:spring-boot-devtools:2.4.0.classpath">
    <pathelement location="${path.variable.maven_repository}/org/springframework/boot/spring-boot-devtools/2.4.0/spring-boot-devtools-2.4.0.jar"/>
  </path>
  
  <path id="library.maven:_org.springframework.boot:spring-boot-starter-jdbc:2.4.0.classpath">
    <pathelement location="${path.variable.maven_repository}/org/springframework/boot/spring-boot-starter-jdbc/2.4.0/spring-boot-starter-jdbc-2.4.0.jar"/>
  </path>
  
  <path id="library.maven:_org.springframework.boot:spring-boot-starter-json:2.4.0.classpath">
    <pathelement location="${path.variable.maven_repository}/org/springframework/boot/spring-boot-starter-json/2.4.0/spring-boot-starter-json-2.4.0.jar"/>
  </path>
  
  <path id="library.maven:_org.springframework.boot:spring-boot-starter-logging:2.4.0.classpath">
    <pathelement location="${path.variable.maven_repository}/org/springframework/boot/spring-boot-starter-logging/2.4.0/spring-boot-starter-logging-2.4.0.jar"/>
  </path>
  
  <path id="library.maven:_org.springframework.boot:spring-boot-starter-test:2.4.0.classpath">
    <pathelement location="${path.variable.maven_repository}/org/springframework/boot/spring-boot-starter-test/2.4.0/spring-boot-starter-test-2.4.0.jar"/>
  </path>
  
  <path id="library.maven:_org.springframework.boot:spring-boot-starter-thymeleaf:2.4.0.classpath">
    <pathelement location="${path.variable.maven_repository}/org/springframework/boot/spring-boot-starter-thymeleaf/2.4.0/spring-boot-starter-thymeleaf-2.4.0.jar"/>
  </path>
  
  <path id="library.maven:_org.springframework.boot:spring-boot-starter-tomcat:2.4.0.classpath">
    <pathelement location="${path.variable.maven_repository}/org/springframework/boot/spring-boot-starter-tomcat/2.4.0/spring-boot-starter-tomcat-2.4.0.jar"/>
  </path>
  
  <path id="library.maven:_org.springframework.boot:spring-boot-starter-web-services:2.4.0.classpath">
    <pathelement location="${path.variable.maven_repository}/org/springframework/boot/spring-boot-starter-web-services/2.4.0/spring-boot-starter-web-services-2.4.0.jar"/>
  </path>
  
  <path id="library.maven:_org.springframework.boot:spring-boot-starter-web:2.4.0.classpath">
    <pathelement location="${path.variable.maven_repository}/org/springframework/boot/spring-boot-starter-web/2.4.0/spring-boot-starter-web-2.4.0.jar"/>
  </path>
  
  <path id="library.maven:_org.springframework.boot:spring-boot-starter:2.4.0.classpath">
    <pathelement location="${path.variable.maven_repository}/org/springframework/boot/spring-boot-starter/2.4.0/spring-boot-starter-2.4.0.jar"/>
  </path>
  
  <path id="library.maven:_org.springframework.boot:spring-boot-test-autoconfigure:2.4.0.classpath">
    <pathelement location="${path.variable.maven_repository}/org/springframework/boot/spring-boot-test-autoconfigure/2.4.0/spring-boot-test-autoconfigure-2.4.0.jar"/>
  </path>
  
  <path id="library.maven:_org.springframework.boot:spring-boot-test:2.4.0.classpath">
    <pathelement location="${path.variable.maven_repository}/org/springframework/boot/spring-boot-test/2.4.0/spring-boot-test-2.4.0.jar"/>
  </path>
  
  <path id="library.maven:_org.springframework.boot:spring-boot:2.4.0.classpath">
    <pathelement location="${path.variable.maven_repository}/org/springframework/boot/spring-boot/2.4.0/spring-boot-2.4.0.jar"/>
  </path>
  
  <path id="library.maven:_org.springframework.ws:spring-ws-core:3.0.10.release.classpath">
    <pathelement location="${path.variable.maven_repository}/org/springframework/ws/spring-ws-core/3.0.10.RELEASE/spring-ws-core-3.0.10.RELEASE.jar"/>
  </path>
  
  <path id="library.maven:_org.springframework.ws:spring-xml:3.0.10.release.classpath">
    <pathelement location="${path.variable.maven_repository}/org/springframework/ws/spring-xml/3.0.10.RELEASE/spring-xml-3.0.10.RELEASE.jar"/>
  </path>
  
  <path id="library.maven:_org.springframework:spring-aop:5.3.1.classpath">
    <pathelement location="${path.variable.maven_repository}/org/springframework/spring-aop/5.3.1/spring-aop-5.3.1.jar"/>
  </path>
  
  <path id="library.maven:_org.springframework:spring-beans:5.3.1.classpath">
    <pathelement location="${path.variable.maven_repository}/org/springframework/spring-beans/5.3.1/spring-beans-5.3.1.jar"/>
  </path>
  
  <path id="library.maven:_org.springframework:spring-context:5.3.1.classpath">
    <pathelement location="${path.variable.maven_repository}/org/springframework/spring-context/5.3.1/spring-context-5.3.1.jar"/>
  </path>
  
  <path id="library.maven:_org.springframework:spring-core:5.3.1.classpath">
    <pathelement location="${path.variable.maven_repository}/org/springframework/spring-core/5.3.1/spring-core-5.3.1.jar"/>
  </path>
  
  <path id="library.maven:_org.springframework:spring-expression:5.3.1.classpath">
    <pathelement location="${path.variable.maven_repository}/org/springframework/spring-expression/5.3.1/spring-expression-5.3.1.jar"/>
  </path>
  
  <path id="library.maven:_org.springframework:spring-jcl:5.3.1.classpath">
    <pathelement location="${path.variable.maven_repository}/org/springframework/spring-jcl/5.3.1/spring-jcl-5.3.1.jar"/>
  </path>
  
  <path id="library.maven:_org.springframework:spring-jdbc:5.3.1.classpath">
    <pathelement location="${path.variable.maven_repository}/org/springframework/spring-jdbc/5.3.1/spring-jdbc-5.3.1.jar"/>
  </path>
  
  <path id="library.maven:_org.springframework:spring-oxm:5.3.1.classpath">
    <pathelement location="${path.variable.maven_repository}/org/springframework/spring-oxm/5.3.1/spring-oxm-5.3.1.jar"/>
  </path>
  
  <path id="library.maven:_org.springframework:spring-test:5.3.1.classpath">
    <pathelement location="${path.variable.maven_repository}/org/springframework/spring-test/5.3.1/spring-test-5.3.1.jar"/>
  </path>
  
  <path id="library.maven:_org.springframework:spring-tx:5.3.1.classpath">
    <pathelement location="${path.variable.maven_repository}/org/springframework/spring-tx/5.3.1/spring-tx-5.3.1.jar"/>
  </path>
  
  <path id="library.maven:_org.springframework:spring-web:5.3.1.classpath">
    <pathelement location="${path.variable.maven_repository}/org/springframework/spring-web/5.3.1/spring-web-5.3.1.jar"/>
  </path>
  
  <path id="library.maven:_org.springframework:spring-webmvc:5.3.1.classpath">
    <pathelement location="${path.variable.maven_repository}/org/springframework/spring-webmvc/5.3.1/spring-webmvc-5.3.1.jar"/>
  </path>
  
  <path id="library.maven:_org.thymeleaf.extras:thymeleaf-extras-java8time:3.0.4.release.classpath">
    <pathelement location="${path.variable.maven_repository}/org/thymeleaf/extras/thymeleaf-extras-java8time/3.0.4.RELEASE/thymeleaf-extras-java8time-3.0.4.RELEASE.jar"/>
  </path>
  
  <path id="library.maven:_org.thymeleaf:thymeleaf-spring5:3.0.11.release.classpath">
    <pathelement location="${path.variable.maven_repository}/org/thymeleaf/thymeleaf-spring5/3.0.11.RELEASE/thymeleaf-spring5-3.0.11.RELEASE.jar"/>
  </path>
  
  <path id="library.maven:_org.thymeleaf:thymeleaf:3.0.11.release.classpath">
    <pathelement location="${path.variable.maven_repository}/org/thymeleaf/thymeleaf/3.0.11.RELEASE/thymeleaf-3.0.11.RELEASE.jar"/>
  </path>
  
  <path id="library.maven:_org.unbescape:unbescape:1.1.6.release.classpath">
    <pathelement location="${path.variable.maven_repository}/org/unbescape/unbescape/1.1.6.RELEASE/unbescape-1.1.6.RELEASE.jar"/>
  </path>
  
  <path id="library.maven:_org.xmlunit:xmlunit-core:2.7.0.classpath">
    <pathelement location="${path.variable.maven_repository}/org/xmlunit/xmlunit-core/2.7.0/xmlunit-core-2.7.0.jar"/>
  </path>
  
  <path id="library.maven:_org.yaml:snakeyaml:1.27.classpath">
    <pathelement location="${path.variable.maven_repository}/org/yaml/snakeyaml/1.27/snakeyaml-1.27.jar"/>
  </path>
  
  
  <!-- Application Server Libraries -->
  <!-- Register Custom Compiler Taskdefs -->
  <property name="javac2.home" value="${idea.home}/lib"/>
  <path id="javac2.classpath">
    <fileset dir="${javac2.home}">
      <include name="javac2.jar"/>
      <include name="jdom.jar"/>
      <include name="asm-all*.jar"/>
      <include name="forms-*.jar"/>
    </fileset>
  </path>
  <target name="register.custom.compilers">
    <taskdef name="javac2" classname="com.intellij.ant.Javac2" classpathref="javac2.classpath"/>
    <taskdef name="instrumentIdeaExtensions" classname="com.intellij.ant.InstrumentIdeaExtensions" classpathref="javac2.classpath"/>
  </target>
  
  <!-- Modules -->
  
  <import file="${basedir}/module_customer-research.xml"/>
  
  <target name="init" description="Build initialization">
    <!-- Perform any build initialization in this target -->
  </target>
  
  <target name="clean" depends="clean.module.customer-research" description="cleanup all"/>
  
  <target name="build.modules" depends="init, clean, compile.module.customer-research" description="build all modules"/>
  
  <target name="all" depends="build.modules" description="build all"/>
</project>